date,ad_male,yearling_male,ad_female,yearling_female,yearling,calf,unknown,group_size,area,Year,JDate,Month,id,habitat,propOpen,propClosed,season,composition
2016-05-23T02:30:00Z,0,0,3,0,0,0,0,3,Turpins,2016,144,5,4,open,1.00000000000001,0,Calving,Female
2016-05-24T02:30:00Z,0,0,3,0,0,0,0,3,CapeCove,2016,145,5,5,open,0.700875099443126,0.167859984089101,Calving,Female
2016-05-29T02:30:00Z,0,0,2,1,1,0,0,3,Turpins,2016,150,5,6,open,0.876690533015127,0.123309466984885,Calving,Female
2016-06-02T02:30:00Z,0,0,1,0,0,0,0,1,WesternIndianIsland,2016,154,6,7,open,0.365950676213207,0.634049323786801,Calving,Female
2016-06-02T02:30:00Z,0,0,1,0,0,1,0,2,WesternIndianIsland,2016,154,6,8,open,0.397772474144791,0.0501193317422435,Calving,Female
2016-06-03T02:30:00Z,0,0,2,0,0,2,0,4,Turpins,2016,155,6,10,open,0.878281622911706,0.121718377088306,Calving,Female
2016-06-07T02:30:00Z,0,0,1,0,0,1,0,2,CapeCove,2016,159,6,11,closed,0.680986475735887,0.319013524264121,Calving,Female
2016-06-07T02:30:00Z,0,0,5,0,0,4,0,9,CapeCove,2016,159,6,12,closed,0.322195704057279,0.677804295942728,Calving,Female
2016-06-08T02:30:00Z,0,0,2,0,0,1,0,3,Tilting,2016,160,6,13,open,0.998408910103435,0.00159108989657916,Calving,Female
2016-06-11T02:30:00Z,1,0,2,0,0,0,0,3,Turpins,2016,163,6,17,open,0.498806682577569,0.501193317422438,Calving,Mixed
2016-06-12T02:30:00Z,0,0,1,0,0,1,0,2,LionsDen,2016,164,6,26,open,0.498806682577569,0.501193317422438,Calving,Female
2016-06-12T02:30:00Z,0,0,1,0,0,0,0,1,ShoalBay,2016,164,6,27,open,0.494828957836121,0.505171042163886,Calving,Female
2016-06-12T02:30:00Z,0,0,1,0,0,1,0,2,ShoalBay,2016,164,6,28,open,0.557677008750999,0.20525059665871,Calving,Female
2016-06-14T02:30:00Z,0,0,1,0,0,0,0,1,ShoalBay,2016,166,6,29,open,0.570405727923633,0.429594272076375,Calving,Female
2016-06-16T02:30:00Z,0,0,1,0,0,1,0,2,JBA,2016,168,6,30,open,0.369132856006365,0.0429594272076373,Calving,Female
2016-06-18T02:30:00Z,0,0,3,3,3,3,0,9,LionsDen,2016,170,6,42,open,0.483691328560067,0.498806682577569,Calving,Female
2016-06-19T02:30:00Z,0,0,1,1,1,1,0,3,LionsDen,2016,171,6,47,open,0.766905330151163,0.233094669848845,Calving,Female
2016-06-19T02:30:00Z,0,0,1,0,0,1,0,2,LionsDen,2016,171,6,48,closed,0.43834526650756,0.561654733492447,Calving,Female
2016-06-19T02:30:00Z,0,0,1,0,0,0,0,1,ShoalBay,2016,171,6,49,closed,0.22434367541766,0.775656324582348,Calving,Female
2016-06-20T02:30:00Z,0,0,4,0,0,2,3,9,CapeCove,2016,172,6,52,closed,0.502784407319017,0.49721559268099,Calving,Female
2016-06-22T02:30:00Z,0,0,1,0,0,0,0,1,CapeCove,2016,174,6,63,closed,0.160700079554495,0.83134447096262,Calving,Female
2016-06-23T02:30:00Z,0,0,2,0,0,1,0,3,WesternIndianIsland,2016,175,6,69,closed,0.57597454256166,0.424025457438347,Calving,Female
2016-06-23T02:30:00Z,1,0,1,0,0,0,0,2,WesternIndianIsland,2016,175,6,71,open,0.839299920445516,0.160700079554495,Calving,Mixed
2016-06-24T02:30:00Z,0,0,0,1,1,1,0,2,LionsDen,2016,176,6,79,open,0.928400954653951,0.0214797136038186,Calving,Mixed
2016-06-24T02:30:00Z,0,0,0,1,1,0,0,1,LionsDen,2016,176,6,80,closed,0.885441527446312,0.1145584725537,Calving,Mixed
2016-06-25T02:30:00Z,0,0,1,3,3,0,0,4,JBA,2016,177,6,82,open,0.843277645186964,0.155131264916468,Calving,Female
2016-06-25T02:30:00Z,0,0,3,4,4,3,0,10,JBA,2016,177,6,84,open,0.787589498806692,0.190135242641209,Calving,Female
2016-06-26T02:30:00Z,0,0,1,0,0,0,0,1,Tilting,2016,178,6,95,closed,0.393794749403343,0.606205250596665,Calving,Female
2016-06-28T02:30:00Z,0,0,1,0,0,0,0,1,BarrIsland,2016,180,6,98,open,0.657915672235488,0.342084327764519,Calving,Female
2016-06-28T02:30:00Z,0,0,1,3,3,1,0,5,JBA,2016,180,6,99,open,0.957040572792376,0,Calving,Female
2016-06-28T02:30:00Z,0,0,6,0,0,6,0,12,JBA,2016,180,6,100,open,0.957040572792376,0,Calving,Female
2016-06-29T02:30:00Z,0,0,1,0,0,0,0,1,CapeCove,2016,181,6,106,open,0.533015115354022,0.466984884645986,Calving,Female
2016-07-01T02:30:00Z,0,0,1,0,0,0,0,1,WesternIndianIsland,2016,183,7,112,open,1.00000000000001,0,Summer,Female
2016-07-02T02:30:00Z,0,0,6,0,0,7,0,13,JBA,2016,184,7,119,open,0.849642004773281,0.133651551312649,Summer,Female
2016-07-15T02:30:00Z,0,0,4,2,2,1,0,7,JBA,2016,197,7,123,open,0.897374701670656,0.0238663484486873,Summer,Female
2016-07-15T02:30:00Z,0,0,2,0,0,1,0,3,JBA,2016,197,7,124,open,0.822593476531434,0,Summer,Female
2016-07-16T02:30:00Z,0,0,1,0,0,1,0,2,LionsDen,2016,198,7,127,closed,0.381066030230709,0.618933969769298,Summer,Female
2016-07-17T02:30:00Z,0,0,1,0,0,0,0,1,BarrIsland,2016,199,7,130,open,0.75338106603024,0.246618933969768,Summer,Female
2016-07-18T02:30:00Z,1,0,1,0,0,0,0,2,WesternIndianIsland,2016,200,7,131,open,0.723945902943525,0.276054097056483,Summer,Mixed
2016-07-21T02:30:00Z,0,0,1,0,0,1,0,2,BarrIsland,2016,203,7,138,open,0.730310262529842,0.269689737470166,Summer,Female
2016-07-23T02:30:00Z,0,0,1,0,0,0,0,1,CentreIsland,2016,205,7,143,closed,0.721559268098656,0.278440731901352,Summer,Female
2016-07-24T02:30:00Z,0,0,1,0,0,0,0,1,Tilting,2016,206,7,144,open,0.428798727128085,0.53778838504376,Summer,Female
2016-08-06T02:30:00Z,0,0,1,0,0,0,0,1,LionsDen,2016,219,8,146,open,0.210819411296737,0.645186953062855,Summer,Female
2016-08-07T02:30:00Z,0,0,1,0,0,0,0,1,BarrIsland,2016,220,8,151,open,0.840891010342095,0.159108989657915,Summer,Female
2016-08-08T02:30:00Z,0,0,1,0,0,1,0,2,EasternIndianIsland,2016,221,8,152,open,0.614160700079561,0.385839299920447,Summer,Female
2016-08-12T02:30:00Z,1,0,5,0,0,1,0,7,JBA,2016,225,8,155,open,0.94988066825777,0.0501193317422435,Summer,Mixed
2016-08-12T02:30:00Z,0,0,0,0,0,1,0,1,JBA,2016,225,8,156,closed,0.866348448687362,0.133651551312649,Summer,Female
2016-08-12T02:30:00Z,0,0,1,0,0,0,0,1,LionsDen,2016,225,8,158,open,0.102625298329356,0.583134447096266,Summer,Female
2016-08-15T02:30:00Z,0,0,1,0,0,0,0,1,Tilting,2016,228,8,159,closed,0.817024661893407,0.182975338106603,Summer,Female
2016-08-15T02:30:00Z,0,0,1,0,0,0,0,1,Tilting,2016,228,8,160,open,0.230708035003977,0.686555290373914,Summer,Female
2016-08-16T02:30:00Z,0,0,1,0,0,0,0,1,Seldom,2016,229,8,161,open,0.350039777247415,0.649960222752592,Summer,Female
2016-08-17T02:30:00Z,0,0,1,0,0,0,0,1,CapeCove,2016,230,8,162,open,0.672235481304701,0.327764518695306,Summer,Female
2016-08-18T02:30:00Z,0,0,2,0,0,0,0,2,JBA,2016,231,8,163,open,0.908512330946711,0.0763723150357997,Summer,Female
2016-08-19T02:30:00Z,1,0,1,0,0,1,0,3,LionsDen,2016,232,8,164,closed,0.562450278440737,0.36038186157518,Summer,Mixed
2016-08-21T02:30:00Z,0,0,1,0,0,1,0,2,LionsDen,2016,234,8,167,closed,0.460620525059669,0.539379474940339,Summer,Female
2016-08-22T02:30:00Z,0,0,3,0,0,2,0,5,EasternIndianIsland,2016,235,8,168,closed,0.298329355608591,0.701670644391416,Summer,Female
2016-08-23T02:30:00Z,0,0,1,0,0,0,0,1,BarrIsland,2016,236,8,170,closed,0.721559268098656,0.278440731901352,Summer,Female
2016-08-25T02:30:00Z,0,0,1,0,0,0,0,1,Tilting,2016,238,8,171,open,0.400954653937949,0.599045346062058,Summer,Female
2016-08-29T02:30:00Z,0,0,1,0,0,1,0,2,EasternIndianIsland,2016,242,8,173,closed,0.553699284009551,0.446300715990456,Summer,Female
2017-05-01T02:30:00Z,4,0,0,0,0,0,0,4,StagHarbour,2017,121,5,181,closed,0.618138424821009,0.381861575178999,Calving,Male
2017-05-02T02:30:00Z,0,0,1,0,0,0,9,10,LionsDen,2017,122,5,182,open,0.700875099443126,0.299124900556881,Calving,Female
2017-05-02T02:30:00Z,0,0,2,0,0,0,8,10,DeepBay,2017,122,5,183,open,0.653142402545751,0.346857597454257,Calving,Female
2017-05-26T02:30:00Z,0,0,1,0,0,0,0,4,CapeCove,2017,146,5,184,open,0.656324582338909,0.343675417661098,Calving,Female
2017-05-26T02:30:00Z,0,0,3,0,0,0,0,3,CapeCove,2017,146,5,185,closed,0.501193317422438,0.498806682577569,Calving,Female
2017-05-26T02:30:00Z,1,0,3,0,0,0,4,8,CapeCove,2017,146,5,186,open,0.916467780429607,0.0835322195704059,Calving,Mixed
2017-05-26T02:30:00Z,0,0,1,0,0,0,0,2,CapeCove,2017,146,5,187,open,0.957040572792376,0.0429594272076373,Calving,Female
2017-05-26T02:30:00Z,0,0,3,0,0,0,1,4,CapeCove,2017,146,5,189,open,0.675417661097859,0.324582338902148,Calving,Female
2017-05-26T02:30:00Z,0,0,1,0,0,0,0,1,CapeCove,2017,146,5,190,open,0.558472553699289,0.441527446300718,Calving,Female
2017-05-26T02:30:00Z,0,0,1,0,0,0,0,1,CapeCove,2017,146,5,191,open,0.839299920445516,0.160700079554495,Calving,Female
2017-05-27T02:30:00Z,0,0,1,0,0,1,0,2,Tilting,2017,147,5,195,closed,0.192521877486077,0.660302307080357,Calving,Female
2017-05-27T02:30:00Z,0,0,6,0,0,0,0,8,JBA,2017,147,5,196,open,0.960222752585534,0.0397772474144789,Calving,Female
2017-05-27T02:30:00Z,0,0,1,0,0,0,0,1,JBA,2017,147,5,197,open,0.978520286396195,0.0214797136038186,Calving,Female
2017-05-27T02:30:00Z,1,0,0,0,0,0,0,1,Tilting,2017,147,5,198,closed,0.644391408114565,0.355608591885442,Calving,Male
2017-05-28T02:30:00Z,0,1,1,1,2,0,0,3,LionsDen,2017,148,5,199,open,0.460620525059669,0.53619729514718,Calving,Female
2017-05-28T02:30:00Z,1,0,0,0,0,0,0,1,LionsDen,2017,148,5,200,open,0.668257756563253,0.0413683373110581,Calving,Male
2017-05-28T02:30:00Z,0,0,0,0,0,0,1,1,LionsDen,2017,148,5,201,open,0.470962609387434,0.299124900556881,Calving,Female
2017-05-29T02:30:00Z,0,0,1,0,0,0,0,2,CentreIsland,2017,149,5,202,open,0.955449482895797,0.0445505171042164,Calving,Female
2017-05-29T02:30:00Z,1,0,1,0,0,0,0,5,WesternIndianIsland,2017,149,5,203,open,0.673031026252991,0.326968973747017,Calving,Mixed
2017-05-29T02:30:00Z,1,0,5,0,0,0,0,8,WesternIndianIsland,2017,149,5,204,open,0.934765314240267,0.0652346857597455,Calving,Mixed
2017-05-29T02:30:00Z,0,0,0,0,0,0,0,1,WesternIndianIsland,2017,149,5,205,open,0.643595863166276,0.356404136833732,Calving,Female
2017-05-29T02:30:00Z,0,0,1,0,0,0,0,1,WesternIndianIsland,2017,149,5,206,closed,0.662688941925226,0.337311058074782,Calving,Female
2017-05-30T02:30:00Z,0,0,3,0,0,0,0,4,WesternIndianIsland,2017,150,5,209,open,1.00000000000001,0,Calving,Female
2017-05-30T02:30:00Z,0,0,1,0,0,0,0,1,Turpins,2017,150,5,210,closed,0.661097852028647,0.338902147971361,Calving,Female
2017-05-30T02:30:00Z,0,0,1,0,0,0,0,1,Turpins,2017,150,5,211,open,0.85123309466986,0.148766905330151,Calving,Female
2017-05-30T02:30:00Z,0,0,0,0,0,0,0,1,Turpins,2017,150,5,212,open,0.922832140015923,0.0771678599840892,Calving,Female
2017-05-30T02:30:00Z,0,0,1,0,0,0,0,1,Turpins,2017,150,5,213,open,0.83054892601433,0.16945107398568,Calving,Female
2017-05-30T02:30:00Z,0,0,1,0,0,0,0,1,Turpins,2017,150,5,214,open,0.659506762132068,0.34049323786794,Calving,Female
2017-05-30T02:30:00Z,0,0,1,0,0,0,0,1,Turpins,2017,150,5,215,open,0.67462211614957,0.325377883850438,Calving,Female
2017-05-30T02:30:00Z,1,0,0,0,0,0,0,1,WesternIndianIsland,2017,150,5,216,open,0.953062848050928,0.0469371519490852,Calving,Male
2017-05-30T02:30:00Z,1,0,0,0,0,0,0,1,WesternIndianIsland,2017,150,5,217,open,0.966587112171851,0.0334128878281623,Calving,Male
2017-05-30T02:30:00Z,1,0,4,0,0,0,0,7,WesternIndianIsland,2017,150,5,218,open,0.808273667462222,0.191726332537788,Calving,Mixed
2017-05-30T02:30:00Z,0,0,0,0,0,0,0,1,WesternIndianIsland,2017,150,5,219,closed,0.510739856801913,0.489260143198094,Calving,Female
2017-05-30T02:30:00Z,0,0,1,0,0,0,0,1,WesternIndianIsland,2017,150,5,220,open,0.989657915672249,0.0103420843277645,Calving,Female
2017-05-30T02:30:00Z,0,0,2,0,0,0,0,3,WesternIndianIsland,2017,150,5,221,open,0.492442322991253,0.507557677008755,Calving,Female
2017-05-30T02:30:00Z,0,0,2,0,0,0,0,2,WesternIndianIsland,2017,150,5,222,open,1.00000000000001,0,Calving,Female
2017-05-31T02:30:00Z,0,0,1,1,1,0,0,8,JBA,2017,151,5,223,open,0.999204455051725,0.000795544948289578,Calving,Female
2017-05-31T02:30:00Z,0,0,1,0,0,0,0,1,DeepBay,2017,151,5,224,closed,0.47812251392204,0.521081941129678,Calving,Female
2017-05-31T02:30:00Z,1,0,0,0,0,0,0,1,DeepBay,2017,151,5,225,open,0.735083532219579,0.264916467780428,Calving,Male
2017-05-31T02:30:00Z,1,0,0,0,0,0,0,1,DeepBay,2017,151,5,226,closed,0.24343675417661,0.71280827366747,Calving,Male
2017-05-31T02:30:00Z,0,0,0,1,1,0,0,1,DeepBay,2017,151,5,227,open,0.711217183770891,0.288782816229116,Calving,Mixed
2017-05-31T02:30:00Z,0,0,1,0,0,0,0,1,JBA,2017,151,5,228,open,0.978520286396195,0.0214797136038186,Calving,Female
2017-06-01T02:30:00Z,0,0,1,0,0,1,0,2,Tilting,2017,152,6,231,open,0.875099443118548,0.124900556881464,Calving,Female
2017-06-01T02:30:00Z,0,0,1,0,0,0,0,1,Tilting,2017,152,6,232,open,0.307080350039777,0.692919649960231,Calving,Female
2017-06-01T02:30:00Z,0,0,1,0,0,1,0,2,Turpins,2017,152,6,233,open,0.985680190930801,0.0143198090692124,Calving,Female
2017-06-01T02:30:00Z,0,0,1,0,0,0,0,1,Tilting,2017,152,6,234,open,0.79315831344472,0.20684168655529,Calving,Female
2017-06-01T02:30:00Z,0,0,1,0,0,1,0,2,CapeCove,2017,152,6,235,open,0.790771678599851,0.209228321400158,Calving,Female
2017-06-01T02:30:00Z,0,0,2,0,0,0,0,2,CapeCove,2017,152,6,236,open,0.741447891805896,0.258552108194112,Calving,Female
2017-06-01T02:30:00Z,0,0,1,0,0,0,0,2,CapeCove,2017,152,6,237,open,0.964200477326982,0.035799522673031,Calving,Female
2017-06-01T02:30:00Z,0,0,1,0,0,0,0,1,CapeCove,2017,152,6,238,closed,0.560859188544158,0.43914081145585,Calving,Female
2017-06-01T02:30:00Z,0,0,0,0,0,0,1,1,CapeCove,2017,152,6,239,open,0.94988066825777,0.0501193317422435,Calving,Female
2017-06-01T02:30:00Z,0,0,2,0,0,0,0,3,CapeCove,2017,152,6,240,open,0.567223548130475,0.432776451869533,Calving,Female
2017-06-01T02:30:00Z,0,0,1,0,0,0,0,1,CapeCove,2017,152,6,241,open,0.400954653937949,0.599045346062058,Calving,Female
2017-06-01T02:30:00Z,0,0,1,0,0,1,0,3,CapeCove,2017,152,6,242,open,0.547334924423235,0.452665075576773,Calving,Female
2017-06-01T02:30:00Z,0,0,1,0,0,1,0,2,Turpins,2017,152,6,243,open,0.985680190930801,0.0143198090692124,Calving,Female
2017-06-02T02:30:00Z,0,0,1,0,0,1,0,2,LionsDen,2017,153,6,244,open,0.447096260938746,0.334924423229913,Calving,Female
2017-06-02T02:30:00Z,0,0,1,0,0,1,0,2,JBA,2017,153,6,245,open,0.847255369928412,0.152744630071599,Calving,Female
2017-06-02T02:30:00Z,0,0,1,0,0,1,0,2,CapeCove,2017,153,6,246,open,0.711217183770891,0.284009546539379,Calving,Female
2017-06-02T02:30:00Z,0,0,6,0,0,0,0,12,JBA,2017,153,6,247,open,0.999204455051725,0.000795544948289578,Calving,Female
2017-06-02T02:30:00Z,0,0,1,0,0,1,0,2,LionsDen,2017,153,6,248,closed,0.275258552108193,0.689737470167072,Calving,Female
2017-06-02T02:30:00Z,0,0,1,0,0,0,0,1,CapeCove,2017,153,6,249,closed,0.79236276849643,0.207637231503579,Calving,Female
2017-06-02T02:30:00Z,0,0,1,0,0,0,0,3,CapeCove,2017,153,6,250,open,0.965791567223562,0.0342084327764519,Calving,Female
2017-06-02T02:30:00Z,0,0,0,0,0,0,0,1,LionsDen,2017,153,6,251,open,0.742243436754185,0.250596658711216,Calving,Female
2017-06-02T02:30:00Z,0,0,1,0,0,0,0,1,JBA,2017,153,6,252,open,0.8711217183771,0.128878281622912,Calving,Female
2017-06-03T02:30:00Z,0,1,2,1,2,0,0,4,CentreIsland,2017,154,6,253,open,0.833731105807489,0.166268894192522,Calving,Female
2017-06-03T02:30:00Z,0,0,2,0,0,1,0,3,CentreIsland,2017,154,6,254,open,0.906921241050131,0.0930787589498808,Calving,Female
2017-06-03T02:30:00Z,1,0,1,0,0,0,0,2,DeepBay,2017,154,6,255,open,0.807478122513932,0.192521877486077,Calving,Mixed
2017-06-03T02:30:00Z,0,0,1,0,0,0,0,2,Turpins,2017,154,6,256,open,0.808273667462222,0.155926809864757,Calving,Female
2017-06-03T02:30:00Z,0,0,0,0,0,0,0,1,CentreIsland,2017,154,6,257,open,0.688146380270493,0.311853619729515,Calving,Female
2017-06-03T02:30:00Z,0,0,1,0,0,0,0,1,Turpins,2017,154,6,258,open,0.610182975338113,0.386634844868736,Calving,Female
2017-06-03T02:30:00Z,0,1,0,0,1,0,0,2,Turpins,2017,154,6,259,open,0.923627684964213,0.0763723150357997,Calving,Mixed
2017-06-03T02:30:00Z,0,0,1,0,0,1,0,2,Turpins,2017,154,6,260,open,0.92999204455053,0.070007955449483,Calving,Female
2017-06-04T02:30:00Z,0,0,1,0,0,0,0,1,JBA,2017,155,6,262,closed,0.848846459824991,0.15115354017502,Calving,Female
2017-06-04T02:30:00Z,0,0,1,0,0,1,0,2,CapeCove,2017,155,6,263,open,0.808273667462222,0.191726332537788,Calving,Female
2017-06-04T02:30:00Z,0,0,1,0,0,0,0,1,JBA,2017,155,6,264,open,0.639618138424828,0.36038186157518,Calving,Female
2017-06-04T02:30:00Z,0,0,1,0,0,1,0,2,JBA,2017,155,6,266,open,0.862370723945914,0.137629276054097,Calving,Female
2017-06-04T02:30:00Z,1,0,0,0,0,0,0,1,CapeCove,2017,155,6,267,open,0.844868735083543,0.155131264916468,Calving,Male
2017-06-04T02:30:00Z,2,0,1,0,0,0,0,5,CapeCove,2017,155,6,268,open,0.906921241050131,0.0644391408114559,Calving,Mixed
2017-06-05T02:30:00Z,0,0,1,0,0,0,0,1,Fogo,2017,156,6,269,closed,0.555290373906131,0.444709626093877,Calving,Female
2017-06-05T02:30:00Z,0,0,1,0,0,1,0,2,JBA,2017,156,6,270,open,0.758949880668267,0.184566428003182,Calving,Female
2017-06-05T02:30:00Z,0,0,1,0,0,0,0,1,JBA,2017,156,6,271,closed,0.527446300715995,0.472553699284013,Calving,Female
2017-06-06T02:30:00Z,0,0,1,0,0,0,0,1,CentreIsland,2017,157,6,272,open,0.809069212410511,0.165473349244232,Calving,Female
2017-06-06T02:30:00Z,0,0,1,0,0,1,0,2,CentreIsland,2017,157,6,273,open,0.835322195704068,0.164677804295942,Calving,Female
2017-06-06T02:30:00Z,0,0,1,0,0,1,0,2,LionsDen,2017,157,6,274,closed,0.53699284009547,0.463007159904538,Calving,Female
2017-06-06T02:30:00Z,0,0,1,0,0,0,0,1,LionsDen,2017,157,6,275,open,0.897374701670656,0.102625298329356,Calving,Female
2017-06-06T02:30:00Z,1,0,1,0,0,0,0,7,LionsDen,2017,157,6,276,open,0.897374701670656,0.102625298329356,Calving,Mixed
2017-06-07T02:30:00Z,0,0,2,0,0,0,0,4,JBA,2017,158,6,277,open,0.972951471758168,0.0270485282418457,Calving,Female
2017-06-08T02:30:00Z,0,0,1,0,0,0,0,1,Seldom,2017,159,6,278,open,0.660302307080357,0.33969769291965,Calving,Female
2017-06-09T02:30:00Z,0,0,9,0,0,5,0,14,CapeCove,2017,160,6,279,closed,0.836913285600647,0.163086714399363,Calving,Female
2017-06-10T02:30:00Z,0,0,1,0,0,1,0,2,Turpins,2017,161,6,280,closed,0.491646778042963,0.508353221957044,Calving,Female
2017-06-10T02:30:00Z,0,0,2,0,0,0,0,4,Turpins,2017,161,6,281,open,0.85202863961815,0.147971360381862,Calving,Female
2017-06-11T02:30:00Z,0,0,1,0,0,0,0,1,CentreIsland,2017,162,6,282,open,0.641209228321407,0.358790771678601,Calving,Female
2017-06-12T02:30:00Z,0,0,3,0,0,3,0,10,WesternIndianIsland,2017,163,6,283,open,0.896579156722367,0.103420843277645,Calving,Female
2017-06-12T02:30:00Z,0,0,2,0,0,1,0,3,WesternIndianIsland,2017,163,6,284,open,0.917263325377896,0.0827366746221163,Calving,Female
2017-06-12T02:30:00Z,0,0,1,0,0,0,0,1,WesternIndianIsland,2017,163,6,285,open,0.987271280827381,0.0127287191726333,Calving,Female
2017-06-12T02:30:00Z,1,0,0,0,0,0,0,1,WesternIndianIsland,2017,163,6,286,open,1.00000000000001,0,Calving,Male
2017-06-13T02:30:00Z,0,0,1,0,0,0,0,1,Stag Harbour,2017,164,6,287,open,0.535401750198891,0.464598249801117,Calving,Female
2017-06-29T02:30:00Z,0,0,1,0,0,0,0,1,Tilting,2017,180,6,288,closed,0.533810660302312,0.466189339697696,Calving,Female
2017-06-29T02:30:00Z,0,0,2,0,0,1,0,4,Tilting,2017,180,6,289,closed,0.485282418456646,0.514717581543361,Calving,Female
2017-06-29T02:30:00Z,0,0,1,0,0,0,0,1,Tilting,2017,180,6,290,open,0.65552903739062,0.344470962609388,Calving,Female
2017-06-29T02:30:00Z,0,0,1,0,0,0,0,1,Tilting,2017,180,6,291,open,0.510739856801913,0.489260143198094,Calving,Female
2017-06-30T02:30:00Z,0,0,1,0,0,1,0,2,LionsDen,2017,181,6,292,closed,0.571996817820212,0.423229912490058,Calving,Female
2017-06-30T02:30:00Z,0,0,1,0,0,1,0,2,LionsDen,2017,181,6,293,open,0.53699284009547,0.453460620525062,Calving,Female
2017-06-30T02:30:00Z,0,0,1,0,0,1,0,2,LionsDen,2017,181,6,294,open,0.486873508353225,0.498806682577569,Calving,Female
2017-06-30T02:30:00Z,0,0,1,0,0,1,0,2,LionsDen,2017,181,6,295,open,0.764518695306294,0.235481304693714,Calving,Female
2017-07-01T02:30:00Z,0,0,7,0,0,7,0,14,JBA,2017,182,7,296,open,0.818615751789987,0.0389817024661893,Summer,Female
2017-07-01T02:30:00Z,0,0,5,0,0,3,0,8,JBA,2017,182,7,297,closed,0.734287987271289,0.265712012728718,Summer,Female
2017-07-01T02:30:00Z,0,0,1,0,0,0,0,1,JBA,2017,182,7,298,open,0.960222752585534,0.0397772474144789,Summer,Female
2017-07-01T02:30:00Z,0,0,2,0,0,0,0,2,JBA,2017,182,7,299,closed,0.665075576770095,0.334924423229913,Summer,Female
2017-07-01T02:30:00Z,0,2,0,0,2,0,0,2,JBA,2017,182,7,300,closed,0.661097852028647,0.338902147971361,Summer,Mixed
2017-07-02T02:30:00Z,0,0,1,0,0,0,0,1,Stag Harbour,2017,183,7,301,closed,0.504375497215596,0.495624502784411,Summer,Female
2017-07-02T02:30:00Z,0,0,1,0,0,0,0,1,DeepBay,2017,183,7,302,closed,0.57597454256166,0.381066030230709,Summer,Female
2017-07-02T02:30:00Z,0,0,1,0,0,0,0,1,Stag Harbour,2017,183,7,303,closed,0.0954653937947496,0.904534606205263,Summer,Female
2017-07-03T02:30:00Z,0,0,1,0,0,0,0,1,CentreIsland,2017,184,7,304,closed,0.112171837708831,0.887828162291181,Summer,Female
2017-07-04T02:30:00Z,0,0,1,0,0,1,0,2,WesternIndianIsland,2017,185,7,305,closed,0.748607796340502,0.251392203659505,Summer,Female
2017-07-04T02:30:00Z,0,0,2,0,0,2,0,4,WesternIndianIsland,2017,185,7,306,closed,0.871917263325389,0.128082736674622,Summer,Female
2017-07-04T02:30:00Z,0,0,1,0,0,0,0,1,WesternIndianIsland,2017,185,7,307,open,0.638027048528248,0.361972951471759,Summer,Female
2017-07-04T02:30:00Z,1,0,0,0,0,0,0,1,WesternIndianIsland,2017,185,7,308,closed,0.867939538583941,0.13206046141607,Summer,Male
2017-07-05T02:30:00Z,0,0,1,0,0,0,0,1,Seldom,2017,186,7,309,closed,0.270485282418456,0.729514717581552,Summer,Female
2017-07-05T02:30:00Z,0,0,1,0,0,0,0,1,LittleSeldom,2017,186,7,310,closed,0.249005568814637,0.750994431185371,Summer,Female
2017-07-07T02:30:00Z,0,0,1,0,0,0,0,1,Tilting,2017,188,7,311,closed,0.277645186953062,0.722354813046946,Summer,Female
2017-07-07T02:30:00Z,0,0,1,0,0,0,0,1,Tilting,2017,188,7,312,closed,0.292760540970564,0.707239459029443,Summer,Female
2017-07-07T02:30:00Z,0,0,1,0,0,0,0,1,Tilting,2017,188,7,313,open,0.592680986475742,0.407319013524266,Summer,Female
2017-07-08T02:30:00Z,0,0,1,0,0,0,0,1,Turpins,2017,189,7,314,closed,0.417661097852031,0.582338902147977,Summer,Female
2017-07-08T02:30:00Z,0,0,2,0,0,0,0,3,Turpins,2017,189,7,315,open,0.719968178202077,0.280031821797931,Summer,Female
2017-07-09T02:30:00Z,0,0,1,0,0,0,0,1,CentreIsland,2017,190,7,316,closed,0.227525855210818,0.731105807478131,Summer,Female
2017-07-10T02:30:00Z,0,0,0,0,0,0,0,1,JBA,2017,191,7,317,open,0.920445505171055,0.079554494828958,Summer,Female
2017-07-11T02:30:00Z,0,0,1,0,0,1,0,3,LionsDen,2017,192,7,318,closed,0.79315831344472,0.124105011933175,Summer,Female
2017-08-30T02:30:00Z,0,0,1,0,0,0,0,1,CapeCove,2017,242,8,319,closed,0.647573587907724,0.287191726332537,Summer,Female
2017-08-30T02:30:00Z,0,0,1,0,0,0,0,1,CapeCove,2017,242,8,320,open,0.961018297533824,0.0389817024661893,Summer,Female
2017-08-30T02:30:00Z,0,0,1,0,0,0,0,1,CapeCove,2017,242,8,321,open,0.934765314240267,0.00159108989657916,Summer,Female
2017-11-02T02:30:00Z,1,1,3,0,1,2,0,7,Fogo,2017,306,11,332,closed,0.367541766109786,0.632458233890221,Early winter,Mixed
2017-11-02T02:30:00Z,1,1,4,0,1,2,0,8,GravelPit,2017,306,11,333,open,0.961018297533824,0.0389817024661893,Early winter,Mixed
2017-11-02T02:30:00Z,0,0,2,0,0,1,0,3,Fogo,2017,306,11,334,open,0.823389021479724,0.176610978520286,Early winter,Female
2017-11-02T02:30:00Z,1,3,4,0,3,2,0,10,Fogo,2017,306,11,335,closed,0.382657120127289,0.612569610182981,Early winter,Mixed
2017-11-03T02:30:00Z,0,1,1,0,1,0,0,2,Seldom,2017,307,11,336,open,0.176610978520286,0.823389021479724,Early winter,Female
2017-11-04T02:30:00Z,0,0,2,0,0,0,0,2,CentreIsland,2017,308,11,337,open,0.841686555290385,0.158313444709626,Early winter,Female
2017-11-05T02:30:00Z,0,0,4,0,0,1,0,5,ShoalBay,2017,309,11,340,open,0.914876690533027,0.0851233094669851,Early winter,Female
2017-11-26T03:30:00Z,0,0,2,0,0,2,0,4,LionsDen,2017,330,11,342,closed,0.388225934765316,0.600636435958637,Early winter,Female
2017-11-26T03:30:00Z,0,0,2,0,0,1,0,3,DeepBay,2017,330,11,343,open,0.814638027048538,0.185361972951471,Early winter,Female
2017-11-27T03:30:00Z,0,0,1,0,0,1,0,2,WesternIndianIsland,2017,331,11,344,closed,0.388225934765316,0.611774065234692,Early winter,Female
2017-11-27T03:30:00Z,0,0,3,0,0,2,0,7,WesternIndianIsland,2017,331,11,345,open,0.933174224343688,0.0668257756563247,Early winter,Female
2017-11-27T03:30:00Z,1,0,1,0,0,1,0,3,WesternIndianIsland,2017,331,11,346,open,0.888623707239471,0.111376292760541,Early winter,Mixed
2017-11-27T03:30:00Z,0,0,2,0,0,1,0,3,WesternIndianIsland,2017,331,11,347,open,0.698488464598258,0.244232299124899,Early winter,Female
2017-11-27T03:30:00Z,1,0,3,0,0,2,0,6,WesternIndianIsland,2017,331,11,348,open,0.975338106603037,0.0246618933969769,Early winter,Mixed
2017-11-27T03:30:00Z,2,0,0,0,0,7,20,29,WesternIndianIsland,2017,331,11,349,open,1.00000000000001,0,Early winter,Female
2017-11-28T03:30:00Z,0,0,0,0,0,0,4,4,Near Hospital,2017,332,11,350,open,0.940334128878295,0.0596658711217185,Early winter,Female
2018-05-19T02:30:00Z,0,,3,,0,,,5,JBA,2018,139,5,351,open,0.960222752585534,0.0397772474144789,Calving,Female
2018-05-19T02:30:00Z,2,,0,,0,,1,3,StagHarbour,2018,139,5,353,open,0.658711217183778,0.34128878281623,Calving,Male
2018-05-29T02:30:00Z,0,,1,,0,,,1,LionsDen,2018,149,5,354,closed,0.378679395385841,0.592680986475742,Calving,Female
2018-05-30T02:30:00Z,0,,2,,0,,,6,CapeCove,2018,150,5,355,open,0.627684964200484,0.372315035799524,Calving,Female
2018-05-30T02:30:00Z,0,,2,,0,,,5,CapeCove,2018,150,5,356,open,0.673031026252991,0.326968973747017,Calving,Female
2018-05-30T02:30:00Z,0,,1,,0,,,2,CapeCove,2018,150,5,357,open,0.673031026252991,0.326968973747017,Calving,Female
2018-05-31T02:30:00Z,1,,0,,0,,,1,StagHarbour,2018,151,5,358,closed,0.0787589498806684,0.921241050119344,Calving,Male
2018-05-31T02:30:00Z,0,,1,,0,,,1,WatermanBrook,2018,151,5,359,open,0.503579952267307,0.496420047732701,Calving,Female
2018-05-31T02:30:00Z,0,1,0,,0,,,1,WatermanBrook,2018,151,5,360,open,0.755767700875109,0.244232299124899,Calving,Female
2018-05-31T02:30:00Z,0,,1,,0,,,1,WatermanBrook,2018,151,5,361,open,0.953062848050928,0.0469371519490852,Calving,Female
2018-05-31T02:30:00Z,0,,0,,0,,,2,Turpins,2018,151,5,362,open,0.821002386634855,0.178997613365155,Calving,Female
2018-05-31T02:30:00Z,0,,0,,0,,1,2,Turpins,2018,151,5,363,open,0.846459824980122,0.153540175019889,Calving,Female
2018-05-31T02:30:00Z,0,,2,,0,,,5,Turpins,2018,151,5,364,closed,0.820206841686566,0.179793158313444,Calving,Female
2018-05-31T02:30:00Z,0,,1,,0,,,1,Turpins,2018,151,5,365,closed,0.810660302307091,0.188544152744629,Calving,Female
2018-06-01T02:30:00Z,0,,2,,0,,,2,CentreIsland,2018,152,6,366,open,0.644391408114565,0.355608591885442,Calving,Female
2018-06-01T02:30:00Z,0,,1,,0,1,,3,JBA,2018,152,6,368,open,0.836117740652358,0.163882259347653,Calving,Female
2018-06-01T02:30:00Z,0,,1,,0,1,,3,JBA,2018,152,6,369,open,0.836117740652358,0.163882259347653,Calving,Female
2018-06-01T02:30:00Z,0,,1,,0,,,3,JBA,2018,152,6,370,open,0.978520286396195,0.0214797136038186,Calving,Female
2018-06-01T02:30:00Z,0,,1,,0,,,4,JBA,2018,152,6,371,open,0.931583134447109,0.0684168655529038,Calving,Female
2018-06-01T02:30:00Z,0,,1,,0,,,1,CentreIsland,2018,152,6,372,open,0.865552903739073,0.134447096260939,Calving,Female
2018-06-01T02:30:00Z,0,,2,,0,2,,4,CentreIsland,2018,152,6,373,closed,0.839299920445516,0.160700079554495,Calving,Female
2018-06-01T02:30:00Z,0,,3,,0,,,3,JBA,2018,152,6,374,open,0.978520286396195,0.0214797136038186,Calving,Female
2018-06-01T02:30:00Z,0,,1,,0,,,4,JBA,2018,152,6,375,open,0.931583134447109,0.0684168655529038,Calving,Female
2018-06-02T02:30:00Z,0,,2,,0,2,,4,LionsDen,2018,153,6,376,closed,0.385043754972157,0.61495624502785,Calving,Female
2018-06-02T02:30:00Z,0,,1,,0,1,,2,Turpins,2018,153,6,377,closed,0.428798727128085,0.571201272871923,Calving,Female
2018-06-02T02:30:00Z,0,,1,1,0,,,2,LionsDen,2018,153,6,378,open,0.611774065234692,0.172633253778838,Calving,Female
2018-06-02T02:30:00Z,0,,2,,0,,,6,Tilting,2018,153,6,379,closed,0.514717581543361,0.485282418456646,Calving,Female
2018-06-02T02:30:00Z,0,,0,,0,,,1,Tilting,2018,153,6,380,closed,0.264120922832139,0.735879077167869,Calving,Female
2018-06-03T02:30:00Z,0,,1,,0,1,,2,JBA,2018,154,6,381,open,0.813046937151959,0.0501193317422435,Calving,Female
2018-06-03T02:30:00Z,0,,0,1,0,,,1,JBA,2018,154,6,383,open,0.828162291169462,0.171837708830549,Calving,Female
2018-06-03T02:30:00Z,0,,1,,0,,,1,JBA,2018,154,6,384,open,0.501193317422438,0.498806682577569,Calving,Female
2018-06-03T02:30:00Z,0,,3,,0,,,3,JBA,2018,154,6,385,open,0.601431980906927,0.39856801909308,Calving,Female
2018-06-03T02:30:00Z,0,,2,,0,,,2,JBA,2018,154,6,386,closed,0.551312649164683,0.448687350835325,Calving,Female
2018-06-04T02:30:00Z,0,,3,,0,3,,6,LionsDen,2018,155,6,387,open,0.764518695306294,0.00715990453460621,Calving,Female
2018-06-04T02:30:00Z,0,,2,,0,1,,3,CentreIsland,2018,155,6,388,closed,0.490851233094673,0.509148766905334,Calving,Female
2018-06-04T02:30:00Z,1,,0,,0,,,1,CentreIsland,2018,155,6,389,open,0.77326968973748,0.226730310262529,Calving,Male
2018-06-05T02:30:00Z,1,1,0,,0,,,3,WesternIndianIsland,2018,156,6,390,open,0.939538583930005,0.060461416070008,Calving,Male
2018-06-05T02:30:00Z,0,,0,,0,,,2,WesternIndianIsland,2018,156,6,391,open,0.848050914876701,0.151949085123309,Calving,Female
2018-06-05T02:30:00Z,2,,0,,0,,,2,WesternIndianIsland,2018,156,6,392,open,0.957040572792376,0.0429594272076373,Calving,Male
2018-06-05T02:30:00Z,0,,0,,0,,,2,WesternIndianIsland,2018,156,6,393,open,0.947494033412901,0.0525059665871122,Calving,Female
2018-06-05T02:30:00Z,0,,0,,0,,,1,WesternIndianIsland,2018,156,6,394,open,0.898170246618946,0.101829753381066,Calving,Female
2018-06-05T02:30:00Z,1,,0,,0,,,1,WesternIndianIsland,2018,156,6,395,open,0.618138424821009,0.381861575178999,Calving,Male
2018-06-05T02:30:00Z,0,,1,,0,,,3,WesternIndianIsland,2018,156,6,396,closed,0.439936356404139,0.560063643595868,Calving,Female
2018-06-06T02:30:00Z,0,,1,,0,1,,2,Seldom,2018,157,6,397,closed,0.00715990453460621,0.992840095465408,Calving,Female
2018-06-07T02:30:00Z,0,,2,,0,,,5,Tilting,2018,158,6,398,open,0.768496420047742,0.231503579952266,Calving,Female
2018-06-07T02:30:00Z,0,,1,,0,1,,2,CapeCove,2018,158,6,399,open,0.642800318217986,0.357199681782021,Calving,Female
2018-06-07T02:30:00Z,0,,1,,0,,,6,Tilting,2018,158,6,400,open,0.65473349244233,0.345266507557678,Calving,Female
2018-06-07T02:30:00Z,0,,1,,0,,,6,Turpins,2018,158,6,401,open,0.840891010342095,0.159108989657915,Calving,Female
2018-06-07T02:30:00Z,0,,1,,0,,,3,Turpins,2018,158,6,402,closed,0.665075576770095,0.334924423229913,Calving,Female
2018-06-07T02:30:00Z,0,,0,1,0,,,1,Turpins,2018,158,6,403,open,0.723150357995235,0.276849642004772,Calving,Female
2018-06-07T02:30:00Z,0,,1,,0,,,1,Tilting,2018,158,6,404,closed,0.486077963404936,0.494033412887832,Calving,Female
2018-06-07T02:30:00Z,0,,1,,0,,,3,Turpins,2018,158,6,405,open,0.813046937151959,0.18695306284805,Calving,Female
2018-06-07T02:30:00Z,0,,0,,0,,,1,CapeCove,2018,158,6,406,open,0.513126491646782,0.486873508353225,Calving,Female
2018-06-07T02:30:00Z,0,,0,,0,,,1,CapeCove,2018,158,6,407,open,0.900556881463815,0.0994431185361975,Calving,Female
2018-06-08T02:30:00Z,0,,7,,0,6,,13,JBA,2018,159,6,408,open,0.582338902147977,0.00318217979315831,Calving,Female
2018-06-08T02:30:00Z,1,,0,,0,,,1,JBA,2018,159,6,409,open,0.894192521877498,0.0556881463802706,Calving,Male
2018-06-08T02:30:00Z,0,,1,,0,1,,2,JBA,2018,159,6,410,open,0.657915672235488,0.342084327764519,Calving,Female
2018-06-08T02:30:00Z,0,,1,,0,,,1,JBA,2018,159,6,411,closed,0.634049323786801,0.365950676213207,Calving,Female
2018-06-08T02:30:00Z,0,,1,,0,1,,2,JBA,2018,159,6,412,open,0.985680190930801,0.0143198090692124,Calving,Female
2018-06-08T02:30:00Z,0,,0,,0,,,1,CapeCove,2018,159,6,413,closed,0.568814638027054,0.431185361972954,Calving,Female
2018-06-08T02:30:00Z,0,,1,,0,,,1,CapeCove,2018,159,6,414,open,0.849642004773281,0.0429594272076373,Calving,Female
2018-06-09T02:30:00Z,0,,2,,0,,,2,Tilting,2018,160,6,415,closed,0.441527446300718,0.558472553699289,Calving,Female
2018-06-09T02:30:00Z,0,,2,,0,2,,4,Tilting,2018,160,6,416,closed,0.305489260143198,0.69451073985681,Calving,Female
2018-06-09T02:30:00Z,0,,1,,0,1,,2,Tilting,2018,160,6,417,closed,0.266507557677008,0.733492442323,Calving,Female
2018-06-09T02:30:00Z,0,,4,,0,3,,7,LionsDen,2018,160,6,418,open,0.490851233094673,0.365950676213207,Calving,Female
2018-06-11T02:30:00Z,0,,3,,0,3,,6,LionsDen,2018,162,6,419,open,0.394590294351632,0.502784407319017,Calving,Female
2018-06-11T02:30:00Z,0,,1,,0,,,1,LionsDen,2018,162,6,420,open,0.424025457438347,0.0954653937947496,Calving,Female
2018-06-14T02:30:00Z,0,,2,,0,2,,4,DeepBay,2018,165,6,421,open,0.461416070007958,0.0143198090692124,Calving,Female
2018-06-16T02:30:00Z,0,,3,,0,3,,6,LionsDen,2018,167,6,422,closed,0.43834526650756,0.552903739061262,Calving,Female
2018-06-16T02:30:00Z,0,,0,,0,,,2,LionsDen,2018,167,6,423,open,0.871917263325389,0.0373906125696102,Calving,Female
2018-08-21T02:30:00Z,0,,1,,0,1,,2,JBA,2018,233,8,424,closed,0.749403341288792,0.250596658711216,Summer,Female
2018-08-22T02:30:00Z,0,,1,,0,1,,2,LionsDen,2018,234,8,425,closed,0.326968973747017,0.574383452665081,Summer,Female
2018-08-22T02:30:00Z,0,,1,,0,,,1,IslandHarbor,2018,234,8,426,closed,0.178202068416865,0.79315831344472,Summer,Female
2018-08-22T02:30:00Z,1,,0,,0,,,1,IslandHarbor,2018,234,8,427,open,0.289578361177406,0.710421638822602,Summer,Male
2018-11-02T02:30:00Z,0,,2,,0,,,2,Turpins,2018,306,11,428,open,0.952267303102638,0.0477326968973747,Early winter,Female
2018-11-03T02:30:00Z,3,,1,,0,2,10,16,LionsDen,2018,307,11,429,open,0.827366746221172,0.172633253778838,Early winter,Mixed
2018-11-03T02:30:00Z,0,,4,,0,1,,5,CentreIsland,2018,307,11,430,open,1.00000000000001,0,Early winter,Female
2018-11-04T02:30:00Z,0,3,7,,0,4,5,19,CapeCove,2018,308,11,431,open,0.767700875099452,0.232299124900556,Early winter,Female
2018-11-04T02:30:00Z,0,,0,,0,,3,3,CapeCove,2018,308,11,432,open,0.964200477326982,0.035799522673031,Early winter,Female
2018-11-04T02:30:00Z,0,,0,,0,,2,2,CapeCove,2018,308,11,433,open,0.957836117740666,0.0103420843277645,Early winter,Female
2018-11-05T03:30:00Z,0,,2,1,0,,,3,CentreIsland,2018,309,11,434,closed,0.83134447096262,0.156722354813047,Early winter,Female
2018-11-06T03:30:00Z,0,,3,,0,,,4,CentreIsland,2018,310,11,435,open,0.882259347653154,0.117740652346858,Early winter,Female
2018-11-07T03:30:00Z,3,,5,,0,2,4,15,GravelPit,2018,311,11,436,closed,0.79236276849643,0.207637231503579,Early winter,Mixed
2018-11-08T03:30:00Z,1,,5,,0,2,,8,WesternIndianIsland,2018,312,11,437,closed,0.247414478918057,0.75258552108195,Early winter,Mixed
2018-11-08T03:30:00Z,0,,0,,0,,2,2,WesternIndianIsland,2018,312,11,438,open,0.969769291965009,0.030230708035004,Early winter,Female
2018-11-08T03:30:00Z,4,,10,,0,3,11,28,WesternIndianIsland,2018,312,11,439,open,0.846459824980122,0.153540175019889,Early winter,Mixed
2018-11-10T03:30:00Z,0,,1,,0,,,1,CentreIsland,2018,314,11,440,closed,0.124900556881464,0.875099443118548,Early winter,Female
2018-11-10T03:30:00Z,0,,3,,0,,,3,CentreIsland,2018,314,11,441,open,0.684168655529045,0.315831344470963,Early winter,Female
2018-11-11T03:30:00Z,0,,0,,0,,,2,Tilting,2018,315,11,442,closed,0.572792362768502,0.427207637231506,Early winter,Female
2018-11-12T03:30:00Z,0,,1,,0,1,,2,Tilting,2018,316,11,443,closed,0.539379474940339,0.460620525059669,Early winter,Female
2018-11-13T03:30:00Z,0,,1,,0,,,1,CentreIsland,2018,317,11,444,closed,0.848050914876701,0.151949085123309,Early winter,Female
2019-05-26T02:30:00Z,0,,1,,0,,,1,Turpins,2019,146,5,446,open,0.665075576770095,0.334924423229913,Calving,Female
2019-05-26T02:30:00Z,0,,1,,0,,,1,Turpins,2019,146,5,447,closed,0.160700079554495,0.839299920445516,Calving,Female
2019-05-26T02:30:00Z,0,,2,,0,,,3,Tilting,2019,146,5,448,open,0.600636435958637,0.39936356404137,Calving,Female
2019-05-27T02:30:00Z,1,,4,,0,,,10,Tilting,2019,147,5,449,open,0.69451073985681,0.305489260143198,Calving,Mixed
2019-05-27T02:30:00Z,0,,1,,0,,,1,CapeCove,2019,147,5,450,closed,0.428003182179795,0.571996817820212,Calving,Female
2019-05-27T02:30:00Z,0,,0,,0,,,1,CapeCove,2019,147,5,451,open,0.933969769291978,0.0660302307080351,Calving,Female
2019-05-27T02:30:00Z,0,,1,,0,,,1,CapeCove,2019,147,5,453,closed,0.680986475735887,0.319013524264121,Calving,Female
2019-05-27T02:30:00Z,0,,0,,0,,,3,CapeCove,2019,147,5,454,open,0.974542561654747,0.0254574383452665,Calving,Female
2019-05-27T02:30:00Z,1,,0,,0,,,1,CapeCove,2019,147,5,455,closed,0.594272076372321,0.381861575178999,Calving,Male
2019-05-28T02:30:00Z,1,,1,,0,,,2,CentreIsland,2019,148,5,456,open,0.879872712808285,0.120127287191727,Calving,Mixed
2019-05-28T02:30:00Z,0,,1,,0,1,,2,CentreIsland,2019,148,5,457,open,0.507557677008755,0.492442322991253,Calving,Female
2019-05-28T02:30:00Z,1,,0,,0,,,1,CentreIsland,2019,148,5,458,open,0.896579156722367,0.103420843277645,Calving,Male
2019-05-29T02:30:00Z,0,,1,,0,,,1,CapeCove,2019,149,5,459,open,0.602227525855217,0.397772474144791,Calving,Female
2019-05-29T02:30:00Z,0,,0,,0,,,1,CapeCove,2019,149,5,460,open,0.957836117740666,0.0421638822593477,Calving,Female
2019-05-29T02:30:00Z,1,,0,,0,,,1,CapeCove,2019,149,5,461,open,0.680986475735887,0.188544152744629,Calving,Male
2019-05-30T02:30:00Z,0,,1,1,0,,,2,LionsDen,2019,150,5,463,closed,0.155131264916468,0.79315831344472,Calving,Female
2019-05-30T02:30:00Z,2,,1,,0,,,3,LionsDen,2019,150,5,464,open,0.451073985680194,0.436754176610981,Calving,Mixed
2019-05-30T02:30:00Z,0,,1,,0,1,,2,LionsDen,2019,150,5,465,closed,0.406523468575976,0.385043754972157,Calving,Female
2019-05-30T02:30:00Z,0,,1,,0,,,2,LionsDen,2019,150,5,466,open,0.731901352426421,0.268098647573587,Calving,Female
2019-05-30T02:30:00Z,0,,1,,0,,,1,Tilting,2019,150,5,467,open,0.623707239459036,0.376292760540972,Calving,Female
2019-05-30T02:30:00Z,0,,1,,0,1,,2,Tilting,2019,150,5,468,closed,0.555290373906131,0.444709626093877,Calving,Female
2019-05-30T02:30:00Z,0,,1,,0,,,3,Tilting,2019,150,5,469,closed,0.280031821797931,0.63484486873509,Calving,Female
2019-05-30T02:30:00Z,0,,2,,0,,,2,Tilting,2019,150,5,470,open,0.45743834526651,0.542561654733497,Calving,Female
2019-05-30T02:30:00Z,0,,2,,0,,,5,Tilting,2019,150,5,471,closed,0.825775656324593,0.174224343675417,Calving,Female
2019-05-31T02:30:00Z,0,,1,,0,1,,2,DeepBay,2019,151,5,472,open,0.619729514717588,0.337311058074782,Calving,Female
2019-05-31T02:30:00Z,0,,0,,0,,,1,DeepBay,2019,151,5,473,closed,0.626093874303905,0.338106603023071,Calving,Female
2019-05-31T02:30:00Z,0,,2,,0,2,,4,CentreIsland,2019,151,5,474,open,0.509944311853624,0.490055688146384,Calving,Female
2019-05-31T02:30:00Z,0,1,1,1,2,,,3,JBA,2019,151,5,475,open,0.966587112171851,0.0334128878281623,Calving,Female
2019-05-31T02:30:00Z,0,1,2,1,2,,,8,JBA,2019,151,5,476,open,0.833731105807489,0.0668257756563247,Calving,Female
2019-05-31T02:30:00Z,0,,1,,0,1,,2,JBA,2019,151,5,477,open,0.833731105807489,0.0668257756563247,Calving,Female
2019-05-31T02:30:00Z,0,,1,,0,1,,2,JBA,2019,151,5,478,open,0.71439936356405,0.106603023070804,Calving,Female
2019-05-31T02:30:00Z,0,,0,,0,,,1,JBA,2019,151,5,479,closed,0.30071599045346,0.699284009546547,Calving,Female
2019-05-31T02:30:00Z,0,,1,,0,,,1,CentreIsland,2019,151,5,480,closed,0.559268098647579,0.440731901352429,Calving,Female
2019-05-31T02:30:00Z,0,,0,,0,,,2,CentreIsland,2019,151,5,481,closed,0.671439936356411,0.328560063643596,Calving,Female
2019-06-01T02:30:00Z,0,1,0,,0,,,1,WesternIndianIsland,2019,152,6,482,open,0.810660302307091,0.189339697692919,Calving,Female
2019-06-01T02:30:00Z,0,,1,,0,,,1,WesternIndianIsland,2019,152,6,483,closed,0.257756563245822,0.742243436754185,Calving,Female
2019-06-01T02:30:00Z,0,,1,,0,,,1,WesternIndianIsland,2019,152,6,484,open,0.868735083532231,0.131264916467781,Calving,Female
2019-06-01T02:30:00Z,1,2,0,,0,,,3,WesternIndianIsland,2019,152,6,485,open,0.892601431980919,0.107398568019093,Calving,Male
2019-06-01T02:30:00Z,2,1,0,,0,,,3,WesternIndianIsland,2019,152,6,486,open,0.921241050119344,0.0787589498806684,Calving,Male
2019-06-01T02:30:00Z,0,,0,,0,,,2,Turpins,2019,152,6,487,open,0.489260143198094,0.510739856801913,Calving,Female
2019-06-01T02:30:00Z,0,,1,,0,,,1,Turpins,2019,152,6,488,closed,0.541766109785208,0.4582338902148,Calving,Female
2019-06-01T02:30:00Z,0,,0,,0,,,4,Turpins,2019,152,6,489,open,0.856006364359597,0.115354017501989,Calving,Female
2019-06-01T02:30:00Z,0,,1,,0,1,,2,Turpins,2019,152,6,490,open,0.548926014319814,0.413683373110583,Calving,Female
2019-06-02T02:30:00Z,0,,2,,0,,,8,JBA,2019,153,6,491,open,0.977724741447905,0.0222752585521082,Calving,Female
2019-06-02T02:30:00Z,1,,0,,0,,,2,CentreIsland,2019,153,6,492,closed,0.81225139220367,0.18774860779634,Calving,Male
2019-06-02T02:30:00Z,0,,1,,0,,,1,CentreIsland,2019,153,6,493,open,0.808273667462222,0.191726332537788,Calving,Female
2019-06-02T02:30:00Z,0,,1,,0,,,1,WatermanBrook,2019,153,6,494,open,0.723150357995235,0.276849642004772,Calving,Female
2019-06-02T02:30:00Z,0,1,0,,0,,,1,WatermanBrook,2019,153,6,495,closed,0.692919649960231,0.307080350039777,Calving,Female
2019-06-02T02:30:00Z,0,1,2,,0,,,3,WatermanBrook,2019,153,6,496,open,0.951471758154349,0.0342084327764519,Calving,Female
2019-06-02T02:30:00Z,0,,1,,0,,,2,Tilting,2019,153,6,497,open,0.417661097852031,0.582338902147977,Calving,Female
2019-06-02T02:30:00Z,0,,0,,0,,,1,Tilting,2019,153,6,498,open,0.887828162291181,0.112171837708831,Calving,Female
2019-06-02T02:30:00Z,0,,0,,0,,,1,Tilting,2019,153,6,499,open,0.588703261734294,0.411296738265714,Calving,Female
2019-06-02T02:30:00Z,0,,1,,0,,,1,Tilting,2019,153,6,500,open,0.3206046141607,0.679395385839307,Calving,Female
2019-06-02T02:30:00Z,0,,1,,0,,,2,Tilting,2019,153,6,501,closed,0.24343675417661,0.756563245823398,Calving,Female
2019-06-02T02:30:00Z,0,,1,,0,,,2,Tilting,2019,153,6,502,closed,0.453460620525062,0.546539379474945,Calving,Female
2019-06-02T02:30:00Z,0,,1,,0,,,1,Tilting,2019,153,6,503,open,0.601431980906927,0.39856801909308,Calving,Female
2019-06-02T02:30:00Z,0,,1,,0,1,,2,Tilting,2019,153,6,504,open,0.777247414478928,0.222752585521081,Calving,Female
2019-06-02T02:30:00Z,0,,1,,0,,,1,Tilting,2019,153,6,505,open,0.494033412887832,0.505966587112176,Calving,Female
2019-06-03T02:30:00Z,0,,1,,0,,,1,lionsDen,2019,154,6,506,open,0.992840095465408,0.00715990453460621,Calving,Female
2019-06-03T02:30:00Z,1,,0,,0,,,1,Tilting,2019,154,6,507,open,0.607796340493244,0.392203659506764,Calving,Male
2019-06-03T02:30:00Z,0,,2,,0,2,,4,Tilting,2019,154,6,508,open,0.49801113762928,0.501988862370728,Calving,Female
2019-06-03T02:30:00Z,0,,1,,0,,,1,DeepBay,2019,154,6,509,closed,0.605409705648375,0.351630867143994,Calving,Female
2019-06-04T02:30:00Z,0,,1,,0,,,1,DeepBay,2019,155,6,510,closed,0.605409705648375,0.351630867143994,Calving,Female
2019-06-04T02:30:00Z,0,,0,1,0,,,1,DeepBay,2019,155,6,511,open,0.55608591885442,0.0143198090692124,Calving,Female
2019-06-04T02:30:00Z,0,,1,,0,1,,2,DeepBay,2019,155,6,512,open,0.684168655529045,0.0143198090692124,Calving,Female
2019-06-04T02:30:00Z,0,,1,,0,,,1,LionsDen,2019,155,6,513,open,0.533015115354022,0.428003182179795,Calving,Female
2019-06-04T02:30:00Z,0,,0,,0,,1,1,Tilting,2019,155,6,514,open,0.597454256165479,0.402545743834528,Calving,Female
2019-06-04T02:30:00Z,0,,2,,0,,,5,Tilting,2019,155,6,515,closed,0.331742243436754,0.668257756563253,Calving,Female
2019-06-04T02:30:00Z,0,,0,,0,,1,1,Tilting,2019,155,6,516,open,0.61575178997614,0.384248210023868,Calving,Female
2019-06-04T02:30:00Z,1,,0,,0,,,1,Tilting,2019,155,6,517,open,0.569610182975343,0.430389817024664,Calving,Male
2019-06-04T02:30:00Z,0,,2,,0,,,5,Tilting,2019,155,6,518,open,0.613365155131271,0.386634844868736,Calving,Female
2019-06-04T02:30:00Z,0,,1,,0,,,1,Turpins,2019,155,6,519,closed,0.916467780429607,0.0835322195704059,Calving,Female
2019-06-04T02:30:00Z,0,,1,,0,1,,2,Turpins,2019,155,6,520,closed,0.525059665871126,0.474940334128882,Calving,Female
2019-06-04T02:30:00Z,0,,0,,0,,,3,Turpins,2019,155,6,521,open,0.867939538583941,0.103420843277645,Calving,Female
2019-06-04T02:30:00Z,0,,0,,0,,,1,Turpins,2019,155,6,522,open,1.00000000000001,0,Calving,Female
2019-06-04T02:30:00Z,0,,1,,0,,,2,Turpins,2019,155,6,523,open,0.770883054892611,0.229116945107397,Calving,Female
2019-06-04T02:30:00Z,0,,1,,0,1,,2,Turpins,2019,155,6,524,open,0.864757358790783,0.135242641209228,Calving,Female
2019-06-04T02:30:00Z,0,,10,,0,8,,18,JBA,2019,155,6,526,open,0.548926014319814,0,Calving,Female
2019-06-05T02:30:00Z,0,,1,,0,,,1,Tilting,2019,156,6,527,open,0.558472553699289,0.441527446300718,Calving,Female
2019-06-05T02:30:00Z,0,,0,,0,,,1,Tilting,2019,156,6,528,open,0.623707239459036,0.376292760540972,Calving,Female
2019-06-05T02:30:00Z,0,,0,,0,,,2,Tilting,2019,156,6,529,open,0.876690533015127,0.123309466984885,Calving,Female
2019-06-05T02:30:00Z,0,,4,,0,3,,9,Tilting,2019,156,6,530,closed,0.515513126491651,0.484486873508357,Calving,Female
2019-06-05T02:30:00Z,0,,2,,0,,,8,Tilting,2019,156,6,531,open,0.411296738265714,0.588703261734294,Calving,Female
2019-06-05T02:30:00Z,0,,0,,0,,,4,Tilting,2019,156,6,532,open,0.462211614956248,0.53778838504376,Calving,Female
2019-06-05T02:30:00Z,0,,1,,0,,,2,Tilting,2019,156,6,533,open,0.40015910898966,0.599840891010348,Calving,Female
2019-06-05T02:30:00Z,0,,1,,0,1,,2,JBA,2019,156,6,535,open,0.908512330946711,0.0859188544152746,Calving,Female
2019-06-05T02:30:00Z,1,,2,,0,2,,5,JBA,2019,156,6,536,open,0.640413683373117,0.0580747812251393,Calving,Mixed
2019-06-05T02:30:00Z,1,,7,,0,6,,14,JBA,2019,156,6,537,open,0.605409705648375,0.0501193317422435,Calving,Mixed
2019-06-06T02:30:00Z,0,,0,,0,,,1,LionsDen,2019,157,6,538,open,0.970564836913299,0.0294351630867144,Calving,Female
2019-06-06T02:30:00Z,0,,1,,0,,,1,CentreIsland,2019,157,6,539,open,0.526650755767705,0.473349244232302,Calving,Female
2019-06-06T02:30:00Z,0,,1,,0,1,,2,CapeCove,2019,157,6,540,closed,0.696101829753389,0.303898170246619,Calving,Female
2019-06-06T02:30:00Z,0,,2,,0,2,,4,CapeCove,2019,157,6,541,open,0.57597454256166,0.365155131264917,Calving,Female
2019-06-06T02:30:00Z,0,,3,,0,3,,6,CapeCove,2019,157,6,542,open,0.719172633253787,0.28082736674622,Calving,Female
2019-06-06T02:30:00Z,0,,0,,0,,,1,CapeCove,2019,157,6,543,open,0.642004773269696,0.322195704057279,Calving,Female
2019-06-06T02:30:00Z,0,,1,,0,1,,2,CapeCove,2019,157,6,544,closed,0.322195704057279,0.677804295942728,Calving,Female
2019-06-06T02:30:00Z,0,,3,,0,2,,5,CapeCove,2019,157,6,546,open,0.549721559268103,0.450278440731904,Calving,Female
2019-06-07T02:30:00Z,0,,4,,0,4,,8,CapeCove,2019,158,6,547,closed,0.411296738265714,0.588703261734294,Calving,Female
2019-06-07T02:30:00Z,0,,3,,0,2,,5,CapeCove,2019,158,6,548,closed,0.638822593476538,0.289578361177406,Calving,Female
2019-06-07T02:30:00Z,0,,1,,0,1,,2,CapeCove,2019,158,6,549,open,0.232299124900556,0.767700875099452,Calving,Female
2019-06-07T02:30:00Z,0,,3,,0,3,,6,CapeCove,2019,158,6,550,open,0.683373110580755,0.316626889419252,Calving,Female
2019-06-07T02:30:00Z,0,,1,,0,1,,4,Tilting,2019,158,6,551,open,0.612569610182981,0.387430389817026,Calving,Female
2019-06-07T02:30:00Z,0,,1,,0,,,2,Tilting,2019,158,6,552,open,0.754176610978529,0.245823389021478,Calving,Female
2019-06-07T02:30:00Z,0,,2,,0,,,2,Tilting,2019,158,6,553,open,0.75338106603024,0.246618933969768,Calving,Female
2019-06-07T02:30:00Z,0,,1,,0,,,1,Tilting,2019,158,6,554,open,0.770883054892611,0.229116945107397,Calving,Female
2019-06-07T02:30:00Z,0,,5,,0,,,5,Tilting,2019,158,6,555,open,0.754176610978529,0.245823389021478,Calving,Female
2019-06-07T02:30:00Z,0,,4,,0,,,6,Tilting,2019,158,6,556,open,0.754176610978529,0.245823389021478,Calving,Female
2019-06-07T02:30:00Z,0,,1,,0,1,,2,Tilting,2019,158,6,557,open,0.475735879077171,0.524264120922836,Calving,Female
2019-06-08T02:30:00Z,0,,0,,0,,1,1,CentreIsland,2019,159,6,558,open,0.562450278440737,0.437549721559271,Calving,Female
2019-06-08T02:30:00Z,0,,1,,0,,,1,CentreIsland,2019,159,6,559,open,0.832935560859199,0.167064439140811,Calving,Female
2019-06-09T02:30:00Z,0,,0,1,0,,,1,Tilting,2019,160,6,560,open,0.333333333333334,0.666666666666674,Calving,Female
2019-06-09T02:30:00Z,0,,2,,0,,,3,Tilting,2019,160,6,561,open,0.466984884645986,0.533015115354022,Calving,Female
2019-06-09T02:30:00Z,0,,1,,0,,,1,Tilting,2019,160,6,562,closed,0.190135242641209,0.809864757358801,Calving,Female
2019-06-09T02:30:00Z,0,,1,,0,,,1,Tilting,2019,160,6,563,open,0.38027048528242,0.619729514717588,Calving,Female
2019-06-09T02:30:00Z,0,,4,,0,,,4,Tilting,2019,160,6,564,open,0.367541766109786,0.632458233890221,Calving,Female
2019-06-09T02:30:00Z,1,,1,,0,,,4,EasternIndianIsland,2019,160,6,565,open,0.625298329355615,0.374701670644393,Calving,Mixed
2019-06-09T02:30:00Z,0,,2,,0,,,7,EasternIndianIsland,2019,160,6,566,closed,0.557677008750999,0.442322991249008,Calving,Female
2019-06-09T02:30:00Z,0,,2,,0,2,,4,EasternIndianIsland,2019,160,6,567,closed,0.555290373906131,0.444709626093877,Calving,Female
2019-06-09T02:30:00Z,0,,1,,0,1,,2,EasternIndianIsland,2019,160,6,568,open,0.435958631662691,0.564041368337316,Calving,Female
2019-06-10T02:30:00Z,0,,8,,0,3,,11,JBA,2019,161,6,569,open,0.87032617342881,0.129673826571202,Calving,Female
2019-06-10T02:30:00Z,0,,3,,0,2,,6,JBA,2019,161,6,571,open,0.846459824980122,0.153540175019889,Calving,Female
2019-06-11T02:30:00Z,0,,1,,0,1,,2,JBA,2019,162,6,572,open,0.919649960222765,0.0803500397772476,Calving,Female
2019-06-11T02:30:00Z,0,,7,,0,4,,12,JBA,2019,162,6,573,open,0.969769291965009,0.00477326968973747,Calving,Female
2019-06-12T02:30:00Z,0,,0,1,0,,,1,Turpins,2019,163,6,574,open,0.51789976133652,0.482100238663488,Calving,Female
2019-06-12T02:30:00Z,0,1,0,,0,,,1,Tilting,2019,163,6,575,closed,0.24343675417661,0.756563245823398,Calving,Female
2019-06-12T02:30:00Z,1,,0,,0,,,1,CellTower,2019,163,6,576,closed,0.130469371519491,0.869530628480521,Calving,Male
2019-06-12T02:30:00Z,0,,1,,0,,,1,CellTower,2019,163,6,577,closed,0.413683373110583,0.586316626889425,Calving,Female
2019-06-13T02:30:00Z,2,,1,,0,,,3,CellTower,2019,164,6,578,open,0.308671439936356,0.691328560063651,Calving,Mixed
2019-06-20T02:30:00Z,0,,1,,0,,,1,CellTower,2019,171,6,579,open,0.352426412092284,0.647573587907724,Calving,Female
2019-06-21T02:30:00Z,0,,4,,0,3,,7,CapeCove,2019,172,6,580,closed,0.488464598249805,0.511535401750203,Calving,Female
2019-11-02T02:30:00Z,1,,3,,0,1,,5,Airport,2019,306,11,581,open,0.826571201272883,0.165473349244232,Early winter,Mixed
2019-11-02T02:30:00Z,1,,2,,0,,,3,KellysPit,2019,306,11,582,open,0.579156722354818,0.420843277645189,Early winter,Mixed
2019-11-03T02:30:00Z,0,,1,,0,,,1,CapeCove,2019,307,11,583,open,0.933174224343688,0.0668257756563247,Early winter,Female
2019-11-03T02:30:00Z,1,,0,,0,,,1,CapeCove,2019,307,11,584,open,0.857597454256177,0.142402545743835,Early winter,Male
2019-11-03T02:30:00Z,2,,7,,0,2,,11,CapeCove,2019,307,11,585,open,0.845664280031833,0.154335719968178,Early winter,Mixed
2019-11-03T02:30:00Z,1,,1,,0,1,,3,CapeCove,2019,307,11,586,closed,0.375497215592682,0.624502784407325,Early winter,Mixed
2019-11-03T02:30:00Z,1,,2,,0,,2,5,CapeCove,2019,307,11,588,open,0.869530628480521,0.130469371519491,Early winter,Mixed
2019-11-03T02:30:00Z,0,,1,,0,1,,2,CapeCove,2019,307,11,589,closed,0.805887032617353,0.165473349244232,Early winter,Female
2019-11-03T02:30:00Z,2,,4,,0,1,,7,CapeCove,2019,307,11,590,open,0.954653937947507,0.0429594272076373,Early winter,Mixed
2019-11-04T03:30:00Z,2,,2,,0,1,,5,LionsDen,2019,308,11,591,open,0.838504375497226,0.161495624502784,Early winter,Mixed
2019-11-04T03:30:00Z,1,,2,,0,1,,4,ShoalBay,2019,308,11,592,open,0.858392999204466,0.141607000795545,Early winter,Mixed
2019-11-05T03:30:00Z,3,,3,,0,2,,8,JBA,2019,309,11,593,open,0.94988066825777,0.0501193317422435,Early winter,Mixed
2019-11-05T03:30:00Z,1,,4,,0,1,,6,JBA,2019,309,11,594,closed,0.643595863166276,0.356404136833732,Early winter,Mixed
2019-11-05T03:30:00Z,0,,2,,0,1,,3,JBA,2019,309,11,595,open,0.931583134447109,0.0214797136038186,Early winter,Female
2019-11-05T03:30:00Z,3,,7,,0,2,,12,ShoalBay,2019,309,11,596,open,0.951471758154349,0.0485282418456643,Early winter,Mixed
2019-11-05T03:30:00Z,1,,2,,0,1,,4,ShoalBay,2019,309,11,597,open,1.00000000000001,0,Early winter,Mixed
2019-11-06T03:30:00Z,3,,5,,0,1,,9,CentreIsland,2019,310,11,598,closed,0.405727923627687,0.594272076372321,Early winter,Mixed
2019-11-06T03:30:00Z,5,,10,,0,1,,16,CentreIsland,2019,310,11,599,open,0.494033412887832,0.505966587112176,Early winter,Mixed
2019-11-06T03:30:00Z,1,,2,,0,,,3,CentreIsland,2019,310,11,600,open,0.692919649960231,0.307080350039777,Early winter,Mixed
2019-11-08T03:30:00Z,0,,1,,0,1,,2,ShoalBay,2019,312,11,601,open,0.858392999204466,0.141607000795545,Early winter,Female
2019-11-16T03:30:00Z,0,,3,,0,,1,4,ShoalBay,2019,320,11,602,open,0.906921241050131,0.0930787589498808,Early winter,Female
2019-11-17T03:30:00Z,5,,4,,0,4,20,33,CentreIsland,2019,321,11,603,open,0.984884645982512,0.015115354017502,Early winter,Female
2019-11-17T03:30:00Z,1,,4,,0,,,5,ShoalBay,2019,321,11,604,open,1.00000000000001,0,Early winter,Mixed
2019-11-17T03:30:00Z,2,,5,,0,1,,8,CentreIsland,2019,321,11,605,closed,0.815433571996828,0.184566428003182,Early winter,Mixed
2019-11-18T03:30:00Z,2,,2,,0,,,4,WesternIndianIsland,2019,322,11,606,closed,0.214001591089896,0.59665871121719,Early winter,Mixed
2019-11-18T03:30:00Z,3,,10,,0,,,13,WesternIndianIsland,2019,322,11,607,open,1.00000000000001,0,Early winter,Mixed
2019-11-18T03:30:00Z,7,,13,,0,1,,21,WesternIndianIsland,2019,322,11,608,open,0.999204455051725,0.000795544948289578,Early winter,Mixed
2019-11-19T03:30:00Z,0,,1,,0,,,1,CentreIsland,2019,323,11,609,open,0.848050914876701,0.151949085123309,Early winter,Female
2019-11-19T03:30:00Z,6,,12,,0,3,,21,CentreIsland,2019,323,11,610,open,0.999204455051725,0.000795544948289578,Early winter,Mixed
2019-11-19T03:30:00Z,1,,2,,0,,,3,ShoalBay,2019,323,11,611,open,0.863166268894204,0.136833731105808,Early winter,Mixed
2019-11-20T03:30:00Z,9,,13,,0,1,,23,ShoalBay,2019,324,11,612,open,0.667462211614963,0.332537788385044,Early winter,Mixed
2019-11-20T03:30:00Z,2,,7,,0,,,9,ShoalBay,2019,324,11,613,closed,0.826571201272883,0.173428798727128,Early winter,Mixed
2019-11-20T03:30:00Z,0,,7,,0,,32,39,ShoalBay,2019,324,11,614,open,0.83134447096262,0.16865552903739,Early winter,Female
2019-11-21T03:30:00Z,1,,0,,0,,,1,FogoRoad,2019,325,11,615,open,0.935560859188557,0.0644391408114559,Early winter,Male
2019-11-21T03:30:00Z,0,,1,,0,,,1,RCMPoffice,2019,325,11,616,open,0.462211614956248,0.53778838504376,Early winter,Female
2019-11-21T03:30:00Z,0,,2,,0,,,2,CentreIsland,2019,325,11,617,open,0.934765314240267,0.0652346857597455,Early winter,Female
2019-11-21T03:30:00Z,0,,5,,0,,,5,CentreIsland,2019,325,11,618,open,0.769291964996032,0.230708035003977,Early winter,Female
2019-11-21T03:30:00Z,9,,26,,0,4,,39,CentreIsland,2019,325,11,619,open,0.817024661893407,0.182975338106603,Early winter,Mixed
2019-11-22T03:30:00Z,2,,4,,0,1,,7,Tilting,2019,326,11,620,open,0.902147971360394,0.0978520286396183,Early winter,Mixed
2019-11-22T03:30:00Z,0,,1,,0,,,1,DeepBay,2019,326,11,622,open,0.605409705648375,0.351630867143994,Early winter,Female
